{
    "train_loss": [
        0.2815160940748577,
        0.27158600301270946,
        0.2667941777754377,
        0.26445978061645997,
        0.26268274115027607,
        0.26132920653412806,
        0.260043881470216,
        0.258892784315882,
        0.2577026695126937,
        0.25658304641227386,
        0.2556393446840697,
        0.2548215229804209,
        0.25404792722375563,
        0.2534307705273588,
        0.2527399067975481,
        0.25226761748562565,
        0.2517662542899443,
        0.2513088783441295
    ],
    "val_loss": [
        0.4494682848453522,
        0.43504031747579575,
        0.43055669218301773,
        0.40227552503347397,
        0.4017581343650818,
        0.3967158868908882,
        0.4138365462422371,
        0.3907810300588608,
        0.39838317409157753,
        0.48402582108974457,
        0.4280155822634697,
        0.40318889915943146,
        0.40587541833519936,
        0.39059455320239067,
        0.41072845086455345,
        0.395060982555151,
        0.4007704630494118,
        0.4957827888429165
    ]
}