{
    "train_loss": [
        0.3310838310553262,
        0.3287372954063858,
        0.3268402310590353,
        0.3251294645375968,
        0.3239013867848106,
        0.3224523350558012,
        0.31756514396205804,
        0.31570139863674773,
        0.314453626414897,
        0.313241872924749,
        0.31197408382921976,
        0.3109815671967422,
        0.30984322757886223,
        0.3086865904576387,
        0.30757828805498527,
        0.30636698422050174
    ],
    "val_loss": [
        0.5112515389919281,
        0.42164164036512375,
        0.5648080334067345,
        0.3956504464149475,
        0.45848850905895233,
        0.3810669556260109,
        0.37906016409397125,
        0.3888709992170334,
        0.40288032591342926,
        0.3584423214197159,
        0.37131907790899277,
        0.36834102869033813,
        0.36271659284830093,
        0.4444887787103653,
        0.3593479245901108,
        0.3623287156224251
    ]
}