{
    "train_loss": [
        0.25871135187726424,
        0.25742490869889756,
        0.25635134489832206,
        0.2555458962030958
    ],
    "val_loss": [
        0.3872034475207329,
        0.4194156415760517,
        0.417986411601305,
        0.40296613797545433
    ]
}