{
    "train_loss": [
        0.3206236332204378,
        0.30908643765630944,
        0.3033308505016737,
        0.2997127783681729,
        0.29706902145933406,
        0.29499214673224505,
        0.29355066771086596,
        0.2922360695147162,
        0.29129399154239327,
        0.29022015625504805,
        0.28942780796278156,
        0.28860819569495966,
        0.2879500011507311,
        0.28731432273639834,
        0.28680363364553585,
        0.2863377992235202,
        0.2856392059503035,
        0.2850045400969827,
        0.28456818675961204,
        0.28171910207411005,
        0.28089995836474846,
        0.28035122236107884,
        0.2800018920947357
    ],
    "val_loss": [
        0.40089016407728195,
        0.3791104033589363,
        0.3733931928873062,
        0.37387707829475403,
        0.36607082933187485,
        0.3682102710008621,
        0.36766019463539124,
        0.38497237116098404,
        0.36123788356781006,
        0.5290025696158409,
        0.36818037927150726,
        0.35231004655361176,
        0.3427111580967903,
        0.34401143342256546,
        0.4090091213583946,
        0.35873838514089584,
        0.35790153592824936,
        0.3495386391878128,
        0.35487019270658493,
        0.34664950519800186,
        0.36340003460645676,
        0.34294068068265915,
        0.386494904756546
    ]
}