{
    "train_loss": [
        0.6192408562168594,
        0.49712208098219346,
        0.4771971101908721,
        0.4645283506360165,
        0.4482707644617835,
        0.43715273733286897,
        0.4267868020737818,
        0.41793505281440974,
        0.41478570025096567,
        0.43171157370242036,
        0.40842515969461246,
        0.4047460988048435,
        0.39725298936976944,
        0.4042271606681883,
        0.4031077549439068,
        0.39642199481180473,
        0.4046973082446313,
        0.39458474840304647,
        0.39837810189224954,
        0.3893014606117278,
        0.3928691157998965,
        0.37248351107272065,
        0.3682347660840944,
        0.3636380413243937,
        0.35849930542384006,
        0.35917687531589537,
        0.3539781750634659,
        0.35465418622475264,
        0.35622550396956215,
        0.35312657254610874,
        0.351844892483349,
        0.34915190888929737,
        0.35334379405014277,
        0.3495223002378331,
        0.3549400413221167,
        0.33890625441721245
    ],
    "val_loss": [
        0.7047703103585676,
        1.8758043375882236,
        0.8169119520620867,
        0.474793325770985,
        0.5168514143336903,
        0.99903419342908,
        0.5359279125025778,
        0.46513171177921875,
        0.5837029995340289,
        0.4812435417464285,
        0.41980784408973926,
        0.4373555797519106,
        0.4179444900064757,
        0.5094775160153707,
        0.3928447419946844,
        1.4556851603768088,
        0.4688956385309046,
        0.523776959289204,
        0.47806887193159625,
        0.41876938216614,
        0.3966614685275338,
        0.3881519346526175,
        0.4625839482654225,
        0.41206919966322003,
        0.3868321415149804,
        0.38184178778619476,
        0.3806610902150472,
        0.42086446736798144,
        0.3669689785350453,
        0.379587041609215,
        0.3834959367911021,
        0.38012396657105646,
        0.37863020102183026,
        0.3896076399268526,
        0.39330346475947986,
        0.3970044363628734
    ]
}