{
    "train_loss": [
        1.0879774652710257,
        0.6707168872966323,
        0.5517395240391871,
        0.5173256794611613,
        0.48656179646188896,
        0.4671594075454298,
        0.4730157958444699,
        0.47043665827706804,
        0.45859508805496746,
        0.44663876318192297,
        0.44426119997519853,
        0.42560397100078967,
        0.43725901657296706,
        0.44020541924838874,
        0.4338072968083759,
        0.4275496927804725,
        0.4313388076401496,
        0.42260694064835247,
        0.4248359358125879,
        0.417604981697807,
        0.41285928113515985,
        0.4134855000085609,
        0.41192506935245304,
        0.3917854264263035,
        0.3894221343735392,
        0.3870285590027654,
        0.3808150152827418,
        0.3778386924617974,
        0.3823614815870921,
        0.3806227882241094,
        0.381999565880428,
        0.3792649507522583,
        0.38094515416973324,
        0.3773851808189422,
        0.3779824239801067,
        0.3796778887279274,
        0.37196213214896445,
        0.3719255605409312,
        0.38079829548680505,
        0.38044812120208443,
        0.35506152390509615,
        0.3599224053612051,
        0.3491467322952064,
        0.3503158873365831,
        0.3559946822103604,
        0.35058843211610186,
        0.3455850276374078,
        0.35307654045348946,
        0.35057529368141827,
        0.35006009677583855,
        0.34740885676339617,
        0.3432146158329276,
        0.3385841827984004,
        0.34800024503885313,
        0.3445033936999565,
        0.33640873871108357,
        0.3299257443394772,
        0.3253830447215442,
        0.3297674549642459,
        0.3265658372132353,
        0.3260001272194145,
        0.32820402443871016,
        0.320224990678388
    ],
    "val_loss": [
        0.7399129000577059,
        0.6791687752261306,
        0.5848154768799291,
        0.46989838643507525,
        0.5418478485309717,
        0.5948860293084924,
        0.7417453653884657,
        0.7269777204051162,
        0.46580343354832043,
        0.5200330678260687,
        0.568116155537692,
        0.42515411702069367,
        0.43340905146165326,
        0.6348670567526962,
        0.8259882439266552,
        0.4530025133580873,
        0.42270715489532007,
        0.4494046054103158,
        0.4362581227764939,
        1.091206259799726,
        0.5805768515124465,
        0.4523814817269643,
        0.44335737914750073,
        0.4159621235096093,
        0.39524901274478796,
        0.4359544813632965,
        0.39711307214968133,
        0.42034436988108087,
        0.393690723361391,
        1.1760149507811575,
        0.8300966205018939,
        0.5350501799222195,
        0.40639178590341046,
        0.39154021577401593,
        0.43379344271891046,
        0.4010476777047822,
        0.43503241286133276,
        0.4071318100799214,
        0.40997880787560437,
        0.7532570127284888,
        0.3840931075992006,
        0.39869924386342365,
        0.4298161367575328,
        0.3925815468484705,
        0.39203744855794037,
        0.38494754379445856,
        0.38140902555350104,
        0.39563710942412866,
        0.37359946063070587,
        0.4018426302707557,
        0.3982411108233712,
        0.39245296518007916,
        0.40821273760362103,
        0.3748225894841281,
        0.528502802957188,
        0.36817294268897083,
        0.3708695408069726,
        0.38591073498581396,
        0.37434233950846124,
        0.39345028454607184,
        0.3815034320860198,
        0.3865775511120305,
        0.37140225731965265
    ]
}