{
    "train_loss": [
        0.33145626131322453,
        0.31219420565195666,
        0.30364034806152224,
        0.29788830697075475,
        0.2943964021163559,
        0.2914465453077681,
        0.2891997160089627,
        0.2873708707227368,
        0.28224384864518515,
        0.2802372932587746,
        0.2790563927530662,
        0.27793814562446784,
        0.27668560675975756,
        0.2757192515935914,
        0.2746979751096213
    ],
    "val_loss": [
        0.4252106696367264,
        0.4012201502919197,
        0.42242658883333206,
        0.44907817244529724,
        0.4463929012417793,
        0.4064445421099663,
        0.4908714145421982,
        0.4699995294213295,
        0.3769819512963295,
        0.5084624066948891,
        0.5235730856657028,
        0.3973827287554741,
        0.4069657698273659,
        0.4122792035341263,
        0.4948119968175888
    ]
}