{
    "train_loss": [
        1.4200268951497337,
        0.8293807866961457,
        0.756084284579107,
        0.7097055389899616,
        0.6950625883516415,
        0.6630141901415448,
        0.6580188625542692,
        0.6482432664826859,
        0.6316146695798681,
        0.6350780143294223,
        0.6229634686957958,
        0.6192174805689228,
        0.6146466630373815,
        0.6127795491569726,
        0.5972661015599273,
        0.6029904798943867,
        0.5990662066511405,
        0.5862438907456953,
        0.5829658413580222,
        0.5819910122442615,
        0.5798098468041235,
        0.5790267676808113,
        0.5863687682521436,
        0.5739020973212959,
        0.5716657162636749,
        0.5695963568927706,
        0.5666299702585206,
        0.5690817567267159,
        0.5561562097349833,
        0.5635573961013971,
        0.5688630032909009,
        0.5570116336493529,
        0.546852553306624,
        0.535494957321374,
        0.5329042624595554,
        0.529496664224669,
        0.5321713926256165,
        0.5251428390196128,
        0.5272816197816715,
        0.5297683646050535,
        0.5182473225186962
    ],
    "val_loss": [
        1.4257890889138887,
        0.7674851164673314,
        0.7628415786858761,
        0.7525071411421804,
        0.653322160243988,
        0.7292345599694685,
        0.7181918747497328,
        0.7354468323967673,
        0.6483911384235729,
        0.8154969775315487,
        0.6210677479252671,
        0.6414212647712592,
        0.7284637021295952,
        0.5931091940764225,
        0.6509685733101584,
        0.6298472158836596,
        0.6189582347869873,
        0.5919807183020043,
        0.7244307182051919,
        0.5809850647593989,
        0.6188096945936029,
        0.588787851008502,
        0.6122323590697665,
        0.6137823959191641,
        0.5597010977340467,
        0.5642956097920736,
        0.5594377662196304,
        0.626603030797207,
        0.6147034990065026,
        0.5639942938631232,
        0.5765681348063729,
        0.5737649473277006,
        0.6072049872441725,
        0.538134133273905,
        0.5417834204254728,
        0.5648328535484545,
        0.5656093819574877,
        0.5489852572932388,
        0.5431831885467876,
        0.5456453092170485,
        0.5421650662566676
    ]
}