{
    "train_loss": [
        0.29517702806118873,
        0.2938796682579406,
        0.2939208865088878,
        0.2937975522740049,
        0.293767578261727,
        0.2938084706378099,
        0.29390310921016105,
        0.29373902163116955,
        0.2937514163538775,
        0.2916392270967565
    ],
    "val_loss": [
        0.3989465534687042,
        0.41094135493040085,
        0.39505673199892044,
        0.3943142667412758,
        0.38740355521440506,
        0.4069252610206604,
        0.39399051666259766,
        0.3998120427131653,
        0.3975736275315285,
        0.3933524638414383
    ]
}