{
    "train_loss": [
        0.2884654198188694,
        0.28715907781249095,
        0.2870691690633441,
        0.2871493326494189,
        0.28715029843759826,
        0.2870471400633749,
        0.28703930940285893,
        0.2871630666113214,
        0.2872330384775548,
        0.2871650871123123,
        0.28698508293759817,
        0.2871238502807994,
        0.2870755488774866,
        0.2869455348332131,
        0.2848950957746569
    ],
    "val_loss": [
        0.396768681704998,
        0.3923676759004593,
        0.39372558891773224,
        0.3962315544486046,
        0.3968178331851959,
        0.3915945813059807,
        0.391531765460968,
        0.39504846930503845,
        0.4029349163174629,
        0.39133161306381226,
        0.3935314193367958,
        0.39585720747709274,
        0.39762241393327713,
        0.39920976012945175,
        0.3979165107011795
    ]
}