{
    "train_loss": [
        0.32519025066702667,
        0.3145636457897574,
        0.3087917144791058,
        0.30569405988065507,
        0.3036274495409644,
        0.3017646962533988,
        0.2999292409238283,
        0.2983879184204448,
        0.29696172908229507,
        0.2960052699187353,
        0.29499497204645136,
        0.2941953815699931,
        0.2934878047314595,
        0.29277618420651913,
        0.29214981737436524,
        0.2916437811908744,
        0.29107351671686754,
        0.29055013963230786,
        0.2899832920142461,
        0.28956156943816325,
        0.2890771423845857
    ],
    "val_loss": [
        0.3874983601272106,
        0.3778909854590893,
        0.37600763514637947,
        0.37962235882878304,
        0.37467797100543976,
        0.3661998100578785,
        0.37321392074227333,
        0.36120323091745377,
        0.35375409945845604,
        0.3491329699754715,
        0.3797491118311882,
        0.3633013404905796,
        0.34962429478764534,
        0.3488112725317478,
        0.3557717725634575,
        0.34562814235687256,
        0.34853558614850044,
        0.3617263697087765,
        0.356815192848444,
        0.3758747763931751,
        0.3873625583946705
    ]
}