{
    "train_loss": [
        0.3247401953669514,
        0.3135576042781253,
        0.3086044943859047,
        0.30518474677496993,
        0.3025028833464411,
        0.3003843479465684,
        0.2984769100194418,
        0.2970189148763035,
        0.29582537585015095,
        0.29472250416175444,
        0.29378488895192323,
        0.2930289880140701,
        0.29230032226042446,
        0.29152798334868074,
        0.2909235559231203, 
        0.2809235559231203
    ],
    "val_loss": [
        0.39726676419377327,
        0.39117128029465675,
        0.38595205917954445,
        0.37841836735606194,
        0.37059734389185905,
        0.3794158920645714,
        0.37249496206641197,
        0.3803856186568737,
        0.3439159654080868,
        0.36727050319314003,
        0.3493206165730953,
        0.3586791232228279,
        0.3753169812262058,
        0.3631642647087574,
        0.3457545042037964,
        0.3439545042037964
    ]
}