{
    "train_loss": [
        0.26391766222435525,
        0.26096885358352445,
        0.2588007815515189,
        0.25713058410441086,
        0.25574294687268107,
        0.2547197022332486,
        0.2536761990678253,
        0.25288470613290986,
        0.25221576465287265,
        0.2496460798814024
    ],
    "val_loss": [
        0.4065842032432556,
        0.4351907968521118,
        0.3896826207637787,
        0.4025975242257118,
        0.42741306871175766,
        0.4742436707019806,
        0.394580215215683,
        0.410554476082325,
        0.39826489984989166,
        0.393802672624588
    ]
}